{"stats":{"minecraft:picked_up":{"minecraft:flower_pot":1},"minecraft:mined":{"minecraft:tall_grass":1,"minecraft:short_grass":11},"minecraft:custom":{"minecraft:jump":52,"minecraft:open_chest":2,"minecraft:time_since_rest":4276,"minecraft:damage_dealt":8,"minecraft:crouch_one_cm":76,"minecraft:sprint_one_cm":15905,"minecraft:play_time":4276,"minecraft:walk_on_water_one_cm":2738,"minecraft:time_since_death":4276,"minecraft:walk_one_cm":2835,"minecraft:sneak_time":104,"minecraft:total_world_time":4276,"minecraft:walk_under_water_one_cm":1429,"minecraft:swim_one_cm":16300,"minecraft:fly_one_cm":18448,"minecraft:inspect_dispenser":3}},"DataVersion":3955}