{"stats":{"minecraft:dropped":{"minecraft:rabbit_hide":3,"minecraft:diamond_sword":1,"minecraft:creeper_head":2,"minecraft:mace":2,"minecraft:flower_pot":1,"minecraft:ominous_bottle":1,"minecraft:trial_key":3,"minecraft:sculk_shrieker":1,"minecraft:torch":7,"minecraft:sculk_catalyst":1,"minecraft:iron_chestplate":1,"minecraft:lingering_potion":2,"minecraft:rabbit":5,"minecraft:warden_spawn_egg":1,"minecraft:breeze_rod":2,"minecraft:iron_helmet":1,"minecraft:rotten_flesh":21,"minecraft:iron_boots":1,"minecraft:iron_axe":1,"minecraft:arrow":64,"minecraft:bolt_armor_trim_smithing_template":2,"minecraft:command_block":2,"minecraft:string":10,"minecraft:calibrated_sculk_sensor":1,"minecraft:emerald":12,"minecraft:wind_charge":12,"minecraft:bone":29},"minecraft:picked_up":{"minecraft:stick":2,"minecraft:iron_chestplate":1,"minecraft:ominous_bottle":1,"minecraft:creeper_head":1,"minecraft:flower_pot":1,"minecraft:water_bucket":1,"minecraft:torch":8,"minecraft:diamond_sword":1,"minecraft:enchanted_book":1,"minecraft:oak_log":32,"minecraft:mace":3,"minecraft:warden_spawn_egg":1,"minecraft:wind_charge":13,"minecraft:end_crystal":1,"minecraft:dirt":6,"minecraft:string":11,"minecraft:iron_axe":2,"minecraft:iron_leggings":1,"minecraft:bone":34,"minecraft:arrow":183,"minecraft:command_block":1,"minecraft:rotten_flesh":22,"minecraft:bow":2,"minecraft:rabbit_hide":3,"minecraft:iron_helmet":1,"minecraft:iron_ingot":16,"minecraft:breeze_rod":2,"minecraft:trial_key":3,"minecraft:bolt_armor_trim_smithing_template":2,"minecraft:emerald":24,"minecraft:glass_bottle":3,"minecraft:rabbit":5,"minecraft:mangrove_planks":14,"minecraft:diamond_pickaxe":1,"minecraft:cobblestone":51,"minecraft:iron_boots":1,"minecraft:ender_pearl":4},"minecraft:used":{"minecraft:mace":2,"minecraft:iron_axe":26,"minecraft:creeper_head":1,"minecraft:sculk_sensor":6,"minecraft:dirt":6,"minecraft:sculk_shrieker":7,"minecraft:sculk_catalyst":14},"minecraft:mined":{"minecraft:short_grass":11,"minecraft:grass_block":6,"minecraft:tall_grass":1},"minecraft:custom":{"minecraft:time_since_rest":16276,"minecraft:sprint_one_cm":31123,"minecraft:damage_taken":20,"minecraft:walk_one_cm":33338,"minecraft:drop":42,"minecraft:damage_dealt":7533,"minecraft:swim_one_cm":16300,"minecraft:fly_one_cm":41839,"minecraft:open_chest":2,"minecraft:crouch_one_cm":95,"minecraft:play_time":16276,"minecraft:sneak_time":165,"minecraft:walk_under_water_one_cm":3675,"minecraft:jump":146,"minecraft:walk_on_water_one_cm":3100,"minecraft:time_since_death":16276,"minecraft:total_world_time":16276,"minecraft:fall_one_cm":406,"minecraft:inspect_dispenser":3}},"DataVersion":3955}