{"stats":{"minecraft:crafted":{"minecraft:crafting_table":1,"minecraft:oak_planks":20,"minecraft:stick":4,"minecraft:wooden_pickaxe":1},"minecraft:used":{"minecraft:wooden_pickaxe":7,"minecraft:crafting_table":1},"minecraft:custom":{"minecraft:jump":8,"minecraft:time_since_rest":1142,"minecraft:crouch_one_cm":1086,"minecraft:sprint_one_cm":922,"minecraft:play_time":1142,"minecraft:time_since_death":1142,"minecraft:walk_one_cm":1490,"minecraft:sneak_time":318,"minecraft:total_world_time":1142,"minecraft:interact_with_crafting_table":2,"minecraft:fly_one_cm":387},"minecraft:picked_up":{"minecraft:oak_log":5,"minecraft:cobblestone":7},"minecraft:mined":{"minecraft:short_grass":1,"minecraft:stone":7,"minecraft:oak_log":5}},"DataVersion":3955}