{"stats":{"minecraft:dropped":{"minecraft:leather_helmet":2,"minecraft:dead_bush":1,"minecraft:brick":3},"minecraft:picked_up":{"minecraft:waxed_oxidized_cut_copper":1,"minecraft:iron_chestplate":3,"minecraft:ominous_bottle":1,"minecraft:chicken":2,"minecraft:creeper_head":2,"minecraft:flower_pot":1,"minecraft:diamond_sword":1,"minecraft:red_mushroom":1,"minecraft:calibrated_sculk_sensor":2,"minecraft:potato":2,"minecraft:enchanted_book":3,"minecraft:potion":2,"minecraft:tuff":33,"minecraft:oak_log":32,"minecraft:brick":149,"minecraft:shield":1,"minecraft:wind_charge":25,"minecraft:string":32,"minecraft:iron_axe":2,"minecraft:iron_leggings":1,"minecraft:cooked_mutton":22,"minecraft:bone":93,"minecraft:sculk_shrieker":2,"minecraft:bow":2,"minecraft:rabbit_hide":8,"minecraft:iron_ingot":27,"minecraft:trial_key":10,"minecraft:cooked_chicken":5,"minecraft:bolt_armor_trim_smithing_template":4,"minecraft:rabbit":12,"minecraft:guster_pottery_sherd":4,"minecraft:scrape_pottery_sherd":1,"minecraft:mangrove_log":6,"minecraft:waxed_oxidized_copper":1,"minecraft:iron_boots":1,"minecraft:sculk_catalyst":5,"minecraft:stick":4,"minecraft:bamboo_planks":28,"minecraft:torch":19,"minecraft:flow_pottery_sherd":5,"minecraft:mace":3,"minecraft:waxed_copper_grate":2,"minecraft:dead_bush":1,"minecraft:warden_spawn_egg":2,"minecraft:spider_eye":2,"minecraft:leather_helmet":2,"minecraft:command_block":4,"minecraft:honey_bottle":1,"minecraft:rotten_flesh":87,"minecraft:arrow":513,"minecraft:mangrove_wood":4,"minecraft:iron_helmet":1,"minecraft:breeze_rod":8,"minecraft:golden_apple":2,"minecraft:emerald":56,"minecraft:baked_potato":9,"minecraft:tuff_bricks":2,"minecraft:diamond_pickaxe":1,"minecraft:cobblestone":64,"minecraft:ender_pearl":4},"minecraft:broken":{"minecraft:shield":1,"minecraft:iron_axe":1},"minecraft:used":{"minecraft:tuff_bricks":2,"minecraft:cooked_mutton":32,"minecraft:water_bucket":3,"minecraft:baked_potato":5,"minecraft:elytra":1,"minecraft:waxed_oxidized_cut_copper":1,"minecraft:shield":64,"minecraft:rotten_flesh":6,"minecraft:cooked_chicken":3,"minecraft:trial_key":4,"minecraft:debug_stick":31,"minecraft:torch":9,"minecraft:golden_apple":3,"minecraft:rabbit_spawn_egg":24,"minecraft:crafting_table":2,"minecraft:waxed_copper_grate":2,"minecraft:tuff":40,"minecraft:honey_bottle":2,"minecraft:warden_spawn_egg":1,"minecraft:birch_fence":1,"minecraft:waxed_oxidized_copper":1,"minecraft:diamond_pickaxe":16,"minecraft:firework_rocket":10,"minecraft:mace":6,"minecraft:oak_stairs":1,"minecraft:command_block":8,"minecraft:wind_charge":6,"minecraft:grass_block":1,"minecraft:iron_axe":217,"minecraft:totem_of_undying":6,"minecraft:potion":2,"minecraft:diamond_sword":39,"minecraft:cobblestone":15,"minecraft:bow":16,"minecraft:furnace":1,"minecraft:bucket":3,"minecraft:potato":1},"minecraft:crafted":{"minecraft:crafting_table":2,"minecraft:wind_charge":16,"minecraft:mangrove_planks":20,"minecraft:shield":1,"minecraft:iron_axe":1},"minecraft:mined":{"minecraft:tuff":6,"minecraft:mangrove_wood":2,"minecraft:decorated_pot":37,"minecraft:cobblestone":2,"minecraft:red_mushroom":1,"minecraft:tuff_bricks":2,"minecraft:waxed_oxidized_cut_copper":1,"minecraft:waxed_copper_grate":2,"minecraft:vine":1,"minecraft:waxed_oxidized_copper":1,"minecraft:cobweb":1,"minecraft:mangrove_log":3},"minecraft:custom":{"minecraft:interact_with_furnace":1,"minecraft:mob_kills":94,"minecraft:interact_with_crafting_table":2,"minecraft:open_barrel":11,"minecraft:time_since_death":4801,"minecraft:sleep_in_bed":1,"minecraft:climb_one_cm":11804,"minecraft:time_since_rest":4825,"minecraft:sprint_one_cm":207919,"minecraft:walk_one_cm":144076,"minecraft:damage_taken":7797,"minecraft:damage_absorbed":200,"minecraft:damage_blocked_by_shield":3405,"minecraft:drop":4,"minecraft:damage_dealt":17471,"minecraft:swim_one_cm":3233,"minecraft:fly_one_cm":273972,"minecraft:open_chest":13,"minecraft:crouch_one_cm":1606,"minecraft:play_time":59506,"minecraft:deaths":5,"minecraft:sneak_time":1190,"minecraft:walk_under_water_one_cm":4452,"minecraft:aviate_one_cm":143859,"minecraft:jump":1003,"minecraft:walk_on_water_one_cm":11446,"minecraft:total_world_time":59506,"minecraft:fall_one_cm":52787,"minecraft:inspect_dispenser":5},"minecraft:killed_by":{"minecraft:warden":1,"minecraft:skeleton":1},"minecraft:killed":{"minecraft:cave_spider":18,"minecraft:horse":1,"minecraft:skeleton":44,"minecraft:zombie":23,"minecraft:breeze":4,"minecraft:warden":2}},"DataVersion":3955}