{"stats":{"minecraft:picked_up":{"minecraft:waxed_oxidized_cut_copper":1,"minecraft:iron_chestplate":1,"minecraft:diamond_sword":1,"minecraft:red_mushroom":1,"minecraft:potato":2,"minecraft:enchanted_book":1,"minecraft:potion":2,"minecraft:tuff":30,"minecraft:oak_log":32,"minecraft:brick":138,"minecraft:shield":1,"minecraft:string":3,"minecraft:iron_axe":1,"minecraft:iron_leggings":1,"minecraft:cooked_mutton":22,"minecraft:bone":21,"minecraft:bow":1,"minecraft:iron_ingot":25,"minecraft:trial_key":6,"minecraft:cooked_chicken":4,"minecraft:bolt_armor_trim_smithing_template":2,"minecraft:guster_pottery_sherd":4,"minecraft:scrape_pottery_sherd":1,"minecraft:mangrove_log":6,"minecraft:waxed_oxidized_copper":1,"minecraft:iron_boots":1,"minecraft:stick":4,"minecraft:bamboo_planks":18,"minecraft:torch":5,"minecraft:flow_pottery_sherd":5,"minecraft:rotten_flesh":46,"minecraft:arrow":287,"minecraft:mangrove_wood":4,"minecraft:iron_helmet":1,"minecraft:breeze_rod":2,"minecraft:golden_apple":2,"minecraft:emerald":32,"minecraft:baked_potato":6,"minecraft:tuff_bricks":2,"minecraft:diamond_pickaxe":1,"minecraft:cobblestone":64,"minecraft:ender_pearl":4},"minecraft:used":{"minecraft:tuff_bricks":2,"minecraft:cooked_mutton":22,"minecraft:water_bucket":2,"minecraft:waxed_oxidized_cut_copper":1,"minecraft:shield":35,"minecraft:cooked_chicken":2,"minecraft:trial_key":1,"minecraft:torch":5,"minecraft:golden_apple":2,"minecraft:tuff":7,"minecraft:waxed_oxidized_copper":1,"minecraft:diamond_pickaxe":10,"minecraft:command_block":7,"minecraft:grass_block":1,"minecraft:iron_axe":153,"minecraft:diamond_sword":24,"minecraft:cobblestone":15,"minecraft:bow":8,"minecraft:bucket":2},"minecraft:mined":{"minecraft:tuff":3,"minecraft:mangrove_wood":2,"minecraft:decorated_pot":34,"minecraft:cobblestone":2,"minecraft:red_mushroom":1,"minecraft:tuff_bricks":2,"minecraft:waxed_oxidized_cut_copper":1,"minecraft:vine":1,"minecraft:waxed_oxidized_copper":1,"minecraft:cobweb":1,"minecraft:mangrove_log":3},"minecraft:custom":{"minecraft:mob_kills":55,"minecraft:open_barrel":9,"minecraft:time_since_death":11175,"minecraft:sleep_in_bed":1,"minecraft:climb_one_cm":9912,"minecraft:time_since_rest":11202,"minecraft:sprint_one_cm":113597,"minecraft:walk_one_cm":81816,"minecraft:damage_taken":2546,"minecraft:damage_absorbed":79,"minecraft:damage_blocked_by_shield":1785,"minecraft:damage_dealt":9730,"minecraft:fly_one_cm":166916,"minecraft:open_chest":5,"minecraft:crouch_one_cm":418,"minecraft:play_time":29506,"minecraft:deaths":1,"minecraft:sneak_time":786,"minecraft:walk_under_water_one_cm":280,"minecraft:jump":534,"minecraft:walk_on_water_one_cm":1543,"minecraft:total_world_time":29506,"minecraft:fall_one_cm":15695,"minecraft:inspect_dispenser":3},"minecraft:killed_by":{"minecraft:skeleton":1},"minecraft:killed":{"minecraft:cave_spider":6,"minecraft:skeleton":22,"minecraft:zombie":23,"minecraft:breeze":2}},"DataVersion":3955}