{"stats":{"minecraft:picked_up":{"minecraft:waxed_oxidized_cut_copper":1,"minecraft:red_mushroom":1,"minecraft:potato":1,"minecraft:flow_pottery_sherd":3,"minecraft:brick":74,"minecraft:string":2,"minecraft:bone":4,"minecraft:arrow":63,"minecraft:rotten_flesh":18,"minecraft:mangrove_wood":2,"minecraft:iron_ingot":6,"minecraft:trial_key":1,"minecraft:cooked_chicken":2,"minecraft:emerald":12,"minecraft:baked_potato":3,"minecraft:guster_pottery_sherd":3,"minecraft:mangrove_log":3,"minecraft:waxed_oxidized_copper":1,"minecraft:cobblestone":2},"minecraft:used":{"minecraft:cooked_mutton":8,"minecraft:waxed_oxidized_copper":1,"minecraft:diamond_pickaxe":4,"minecraft:command_block":7,"minecraft:iron_axe":80,"minecraft:grass_block":1,"minecraft:waxed_oxidized_cut_copper":1,"minecraft:shield":14,"minecraft:diamond_sword":1,"minecraft:torch":2,"minecraft:golden_apple":1,"minecraft:bow":1,"minecraft:cobblestone":4},"minecraft:mined":{"minecraft:waxed_oxidized_cut_copper":1,"minecraft:mangrove_wood":2,"minecraft:decorated_pot":20,"minecraft:vine":1,"minecraft:waxed_oxidized_copper":1,"minecraft:cobweb":1,"minecraft:mangrove_log":3,"minecraft:cobblestone":2,"minecraft:red_mushroom":1},"minecraft:custom":{"minecraft:time_since_rest":940,"minecraft:sprint_one_cm":51917,"minecraft:damage_absorbed":39,"minecraft:damage_taken":941,"minecraft:walk_one_cm":42000,"minecraft:damage_blocked_by_shield":645,"minecraft:mob_kills":26,"minecraft:damage_dealt":4341,"minecraft:fly_one_cm":113604,"minecraft:open_barrel":6,"minecraft:open_chest":3,"minecraft:crouch_one_cm":339,"minecraft:play_time":17506,"minecraft:sneak_time":442,"minecraft:walk_under_water_one_cm":145,"minecraft:jump":263,"minecraft:walk_on_water_one_cm":865,"minecraft:time_since_death":17506,"minecraft:sleep_in_bed":1,"minecraft:climb_one_cm":6065,"minecraft:total_world_time":17506,"minecraft:inspect_dispenser":1,"minecraft:fall_one_cm":8016},"minecraft:killed":{"minecraft:skeleton":7,"minecraft:cave_spider":6,"minecraft:zombie":12}},"DataVersion":3955}