{"stats":{"minecraft:crafted":{"minecraft:oak_planks":44,"minecraft:stone_shovel":1,"minecraft:cooked_porkchop":13,"minecraft:crafting_table":1,"minecraft:stick":8,"minecraft:wooden_pickaxe":1,"minecraft:stone_pickaxe":1,"minecraft:furnace":1,"minecraft:white_bed":1,"minecraft:stone_axe":1,"minecraft:air":0},"minecraft:used":{"minecraft:stone_shovel":1,"minecraft:stone_pickaxe":21,"minecraft:wooden_pickaxe":7,"minecraft:stone_axe":75,"minecraft:cobblestone":2,"minecraft:crafting_table":2,"minecraft:furnace":1,"minecraft:cooked_porkchop":2,"minecraft:pumpkin":2},"minecraft:custom":{"minecraft:time_since_rest":11357,"minecraft:interact_with_furnace":7,"minecraft:sprint_one_cm":40315,"minecraft:damage_taken":120,"minecraft:walk_one_cm":22338,"minecraft:mob_kills":22,"minecraft:damage_dealt":2340,"minecraft:interact_with_crafting_table":4,"minecraft:fly_one_cm":44370,"minecraft:crouch_one_cm":1796,"minecraft:play_time":11357,"minecraft:sneak_time":487,"minecraft:jump":232,"minecraft:leave_game":1,"minecraft:time_since_death":11357,"minecraft:total_world_time":11357,"minecraft:fall_one_cm":7495},"minecraft:killed":{"minecraft:sheep":8,"minecraft:skeleton":1,"minecraft:zombie":2,"minecraft:pig":11},"minecraft:picked_up":{"minecraft:crafting_table":2,"minecraft:pumpkin":17,"minecraft:porkchop":20,"minecraft:oak_log":28,"minecraft:dirt":1,"minecraft:arrow":1,"minecraft:mutton":13,"minecraft:coal":2,"minecraft:white_wool":8,"minecraft:cobblestone":26},"minecraft:mined":{"minecraft:pumpkin":17,"minecraft:crafting_table":2,"minecraft:short_grass":6,"minecraft:grass_block":1,"minecraft:oak_log":28,"minecraft:coal_ore":2,"minecraft:cobblestone":1,"minecraft:stone":25}},"DataVersion":3955}